"Time (s)","Latitude (°)","Longitude (°)","Height (m)","Velocity (m/s)","Direction (°)","Horizontal Accuracy (m)","Vertical Accuracy (m)"
1.595989557E1,6.500914030E1,2.548495780E1,1.913574313E1,NaN,NaN,1.273099995E1,1.000000000E0
3.867489557E1,6.500913010E1,2.548491430E1,1.913574393E1,NaN,NaN,1.318000031E1,1.284333229E0
4.089914912E1,6.500912092E1,2.548539142E1,-4.464218843E0,5.299999714E-1,0.000000000E0,1.450000000E1,1.000000000E2
4.135598005E1,6.500901430E1,2.548504072E1,-3.346420351E1,1.519999981E0,3.152999878E2,1.450000000E1,1.000000000E2
4.286895632E1,6.500906153E1,2.548496939E1,-4.046422566E1,1.870000005E0,2.585000000E2,2.300000000E1,1.000000000E2
4.386991339E1,6.500905466E1,2.548492732E1,-4.046422599E1,2.250000000E0,2.488000031E2,2.150000000E1,1.000000000E2
4.488385004E1,6.500904351E1,2.548483981E1,-3.946422782E1,2.750000000E0,2.505000000E2,2.350000000E1,1.000000000E2
4.588805889E1,6.500903316E1,2.548475733E1,-3.746422961E1,2.539999962E0,2.478999939E2,2.350000000E1,1.000000000E2
4.689844766E1,6.500902251E1,2.548469145E1,-4.146423016E1,2.559999943E0,2.421999969E2,2.150000000E1,1.000000000E2
4.789808924E1,6.500901518E1,2.548463169E1,-4.546423152E1,2.200000048E0,2.403000031E2,2.100000000E1,1.000000000E2
4.885952581E1,6.500901866E1,2.548457528E1,-4.546423661E1,1.909999967E0,2.441999969E2,2.050000000E1,1.000000000E2
4.986081762E1,6.500901484E1,2.548449841E1,-4.646424041E1,2.240000010E0,2.508999939E2,2.300000000E1,1.000000000E2
5.088170716E1,6.500900558E1,2.548445692E1,-5.146423982E1,1.429999948E0,2.556000061E2,2.300000000E1,1.000000000E2
5.185986816E1,6.500898194E1,2.548442381E1,-5.746423338E1,1.379999995E0,2.516999969E2,2.250000000E1,1.000000000E2
5.289836385E1,6.500896271E1,2.548439817E1,-6.146422805E1,1.009999990E0,2.551000061E2,2.150000000E1,1.000000000E2
5.388121142E1,6.500895399E1,2.548435005E1,-6.746422810E1,1.289999962E0,2.595000000E2,2.150000000E1,1.000000000E2
5.488811508E1,6.500896082E1,2.548430211E1,-6.646423385E1,1.599999905E0,2.592999878E2,2.100000000E1,1.000000000E2
5.589934200E1,6.500898345E1,2.548427755E1,-5.946424383E1,1.449999928E0,2.646000061E2,2.000000000E1,1.000000000E2
5.687941846E1,6.500899892E1,2.548425425E1,-5.546425109E1,1.329999924E0,2.773999939E2,2.200000000E1,1.000000000E2
5.787417761E1,6.500901581E1,2.548426179E1,-5.046425678E1,8.799999952E-1,2.877000122E2,2.150000000E1,1.000000000E2
5.888799327E1,6.500902691E1,2.548427252E1,-4.546426014E1,6.399999857E-1,2.988999939E2,2.050000000E1,1.000000000E2
5.988260019E1,6.500904259E1,2.548428677E1,-3.846426493E1,9.099999666E-1,3.172000122E2,1.950000000E1,1.000000000E2
6.091276184E1,6.500905709E1,2.548427017E1,-3.146427138E1,1.009999990E0,3.287999878E2,2.200000000E1,1.000000000E2
6.189430788E1,6.500906141E1,2.548424805E1,-2.946427446E1,1.139999986E0,3.353999939E2,2.300000000E1,1.000000000E2
6.289883249E1,6.500905952E1,2.548421930E1,-2.946427572E1,7.799999714E-1,3.385000000E2,2.550000000E1,1.000000000E2
6.389165257E1,6.500905659E1,2.548420697E1,-3.046427548E1,6.399999857E-1,3.396000061E2,2.300000000E1,1.000000000E2
6.487517730E1,6.500906053E1,2.548420086E1,-2.846427734E1,5.899999738E-1,3.391000061E2,2.450000000E1,1.000000000E2
6.587081288E1,6.500905445E1,2.548422726E1,-2.746427332E1,8.999999613E-2,3.336000061E2,2.650000000E1,1.000000000E2
6.686387714E1,6.500905877E1,2.548426481E1,-2.746427236E1,5.899999738E-1,3.413999939E2,2.750000000E1,1.000000000E2
6.788260464E1,6.500906794E1,2.548427747E1,-2.446427487E1,6.699999571E-1,3.472999878E2,2.850000000E1,1.000000000E2
6.885779957E1,6.500906899E1,2.548433882E1,-2.446427110E1,1.039999962E0,9.500000000E0,2.800000000E1,1.000000000E2
6.987920799E1,6.500906199E1,2.548434285E1,-2.646426826E1,7.299999595E-1,2.010000038E1,3.050000000E1,1.000000000E2
7.088036433E1,6.500903886E1,2.548430446E1,-3.346426236E1,9.999999404E-2,1.620000076E1,2.850000000E1,1.000000000E2
7.190154064E1,6.500903471E1,2.548428677E1,-3.446426203E1,5.699999928E-1,2.099999905E0,2.900000000E1,1.000000000E2
7.289115937E1,6.500903739E1,2.548429079E1,-3.446426275E1,2.199999988E-1,4.099999905E0,2.850000000E1,1.000000000E2
7.387763776E1,6.500904263E1,2.548427696E1,-3.446426561E1,2.099999934E-1,6.199999809E0,3.200000000E1,1.000000000E2
7.489430068E1,6.500904351E1,2.548423279E1,-3.346426892E1,7.400000095E-1,3.288999939E2,2.850000000E1,1.000000000E2
7.688978383E1,6.500904183E1,2.548433932E1,-3.446426109E1,6.499999762E-1,3.566000061E2,3.050000000E1,1.000000000E2
7.789040564E1,6.500903911E1,2.548443672E1,-3.446425350E1,1.120000005E0,4.150000000E1,3.100000000E1,1.000000000E2
8.188769025E1,6.500898174E1,2.548463588E1,-3.446421895E1,1.719999909E0,1.333999939E2,3.650000000E1,1.000000000E2
8.290356971E1,6.500899707E1,2.548461635E1,-3.446422591E1,4.899999797E-1,1.463999939E2,3.200000000E1,1.000000000E2
8.386302748E1,6.500899640E1,2.548463940E1,-3.246422410E1,2.800000012E-1,1.593999939E2,3.200000000E1,1.000000000E2
8.645371043E1,6.500913070E1,2.548501030E1,1.573575250E1,NaN,NaN,3.440000153E1,2.878788948E0
8.690537917E1,6.500905742E1,2.548472472E1,1.253575928E1,1.099999994E-1,0.000000000E0,8.500000000E0,1.000000000E2
8.787229248E1,6.500891569E1,2.548483746E1,2.453581892E1,2.399999946E-1,0.000000000E0,1.450000000E1,1.000000000E2
8.888672659E1,6.500901266E1,2.548474434E1,1.353577703E1,3.999999911E-2,0.000000000E0,1.450000000E1,1.000000000E2
9.092719394E1,6.500912310E1,2.548466370E1,8.535731039E0,1.099999994E-1,0.000000000E0,1.500000000E1,1.000000000E2
9.190910463E1,6.500906174E1,2.548462900E1,1.253575121E1,5.999999866E-2,0.000000000E0,9.000000000E0,1.000000000E2
9.222408705E1,6.500904322E1,2.548463336E1,1.253575831E1,1.700000018E-1,0.000000000E0,9.000000000E0,1.000000000E2
9.390564032E1,6.500909929E1,2.548466345E1,8.535739760E0,7.000000030E-2,2.429999924E1,4.500000000E0,1.000000000E2
9.490180059E1,6.500909996E1,2.548466513E1,8.535739627E0,0.000000000E0,0.000000000E0,4.500000000E0,1.000000000E2
9.591836762E1,6.500909996E1,2.548466513E1,8.535739627E0,0.000000000E0,0.000000000E0,4.500000000E0,1.000000000E2
9.690390762E1,6.500909996E1,2.548466513E1,8.535739627E0,0.000000000E0,0.000000000E0,4.500000000E0,1.000000000E2
9.790171285E1,6.500909996E1,2.548466513E1,8.535739627E0,0.000000000E0,0.000000000E0,4.500000000E0,1.000000000E2
9.890427047E1,6.500909996E1,2.548466513E1,8.535739627E0,0.000000000E0,0.000000000E0,4.000000000E0,1.000000000E2
9.990527285E1,6.500909996E1,2.548466513E1,8.535739627E0,0.000000000E0,0.000000000E0,4.500000000E0,1.000000000E2
1.008960563E2,6.500909996E1,2.548466513E1,8.535739627E0,0.000000000E0,0.000000000E0,4.500000000E0,1.000000000E2
1.018732302E2,6.500909996E1,2.548466513E1,8.535739627E0,0.000000000E0,0.000000000E0,4.000000000E0,1.000000000E2
1.029095562E2,6.500909996E1,2.548466513E1,8.535739627E0,0.000000000E0,0.000000000E0,4.000000000E0,1.000000000E2
1.039281968E2,6.500909996E1,2.548466513E1,8.535739627E0,0.000000000E0,0.000000000E0,4.000000000E0,1.000000000E2
1.048615594E2,6.500909996E1,2.548466513E1,8.535739627E0,0.000000000E0,0.000000000E0,3.500000000E0,1.000000000E2
1.058646959E2,6.500909996E1,2.548466513E1,8.535739627E0,0.000000000E0,0.000000000E0,3.500000000E0,1.000000000E2
1.068471549E2,6.500909996E1,2.548466513E1,8.535739627E0,0.000000000E0,0.000000000E0,3.500000000E0,1.000000000E2
1.078828719E2,6.500909996E1,2.548466513E1,8.535739627E0,0.000000000E0,0.000000000E0,4.000000000E0,1.000000000E2
1.088817617E2,6.500909996E1,2.548466513E1,8.535739627E0,0.000000000E0,0.000000000E0,4.000000000E0,1.000000000E2
1.099050542E2,6.500909996E1,2.548466513E1,8.535739627E0,0.000000000E0,0.000000000E0,3.500000000E0,1.000000000E2
1.109353928E2,6.500909996E1,2.548466513E1,8.535739627E0,0.000000000E0,0.000000000E0,3.500000000E0,1.000000000E2
1.119121497E2,6.500909996E1,2.548466513E1,8.535739627E0,0.000000000E0,0.000000000E0,4.000000000E0,1.000000000E2
1.129183283E2,6.500909996E1,2.548466513E1,8.535739627E0,0.000000000E0,0.000000000E0,3.500000000E0,1.000000000E2
1.139099084E2,6.500909996E1,2.548466513E1,8.535739627E0,0.000000000E0,0.000000000E0,4.000000000E0,1.000000000E2
1.149199184E2,6.500909996E1,2.548466513E1,8.535739627E0,0.000000000E0,0.000000000E0,4.000000000E0,1.000000000E2
1.159092601E2,6.500909996E1,2.548466513E1,8.535739627E0,0.000000000E0,0.000000000E0,3.500000000E0,1.000000000E2
1.168997857E2,6.500909996E1,2.548466513E1,8.535739627E0,0.000000000E0,0.000000000E0,3.000000000E0,1.000000000E2
1.179121268E2,6.500909996E1,2.548466513E1,8.535739627E0,0.000000000E0,0.000000000E0,3.000000000E0,1.000000000E2
1.189152523E2,6.500909996E1,2.548466513E1,8.535739627E0,0.000000000E0,0.000000000E0,3.000000000E0,1.000000000E2
1.198979954E2,6.500909996E1,2.548466513E1,8.535739627E0,0.000000000E0,0.000000000E0,3.000000000E0,1.000000000E2
1.209213854E2,6.500909996E1,2.548466513E1,8.535739627E0,0.000000000E0,0.000000000E0,3.000000000E0,1.000000000E2
1.218689267E2,6.500909996E1,2.548466513E1,8.535739627E0,0.000000000E0,0.000000000E0,3.000000000E0,1.000000000E2
1.228475547E2,6.500909996E1,2.548466513E1,8.535739627E0,0.000000000E0,0.000000000E0,3.000000000E0,1.000000000E2
1.239106881E2,6.500909996E1,2.548466513E1,8.535739627E0,0.000000000E0,0.000000000E0,2.500000000E0,1.000000000E2
1.249173114E2,6.500909996E1,2.548466513E1,8.535739627E0,0.000000000E0,0.000000000E0,2.500000000E0,1.000000000E2
1.259157621E2,6.500909996E1,2.548466513E1,8.535739627E0,0.000000000E0,0.000000000E0,3.000000000E0,1.000000000E2
1.269051486E2,6.500909996E1,2.548466513E1,8.535739627E0,0.000000000E0,0.000000000E0,3.000000000E0,1.000000000E2
1.279292931E2,6.500909766E1,2.548466597E1,8.535740530E0,7.699999809E-1,2.428999939E2,3.000000000E0,1.000000000E2
1.289334590E2,6.500908890E1,2.548465054E1,8.535742701E0,1.059999943E0,2.331999969E2,3.000000000E0,1.000000000E2
1.299294141E2,6.500907771E1,2.548463286E1,8.535745610E0,1.549999952E0,2.213000031E2,3.000000000E0,1.000000000E2
1.309277702E2,6.500906534E1,2.548461475E1,8.535748923E0,1.459999919E0,2.171000061E2,3.000000000E0,1.000000000E2
1.319031939E2,6.500905202E1,2.548459648E1,8.535752578E0,1.399999976E0,2.171000061E2,3.000000000E0,1.000000000E2
1.329082242E2,6.500904104E1,2.548457930E1,8.535755446E0,1.149999976E0,2.163000031E2,3.500000000E0,1.000000000E2
1.339379749E2,6.500903106E1,2.548456438E1,8.535758098E0,1.439999938E0,2.196999969E2,3.500000000E0,1.000000000E2
1.349189016E2,6.500901891E1,2.548454653E1,8.535761351E0,1.449999928E0,2.205000000E2,3.500000000E0,1.000000000E2
1.359067041E2,6.500900671E1,2.548452976E1,7.535764695E0,1.429999948E0,2.221000061E2,3.500000000E0,1.000000000E2
1.369245087E2,6.500899779E1,2.548451853E1,7.535767213E0,1.389999986E0,2.268000031E2,3.000000000E0,1.000000000E2
1.379403880E2,6.500898601E1,2.548450051E1,7.535770318E0,1.469999909E0,2.241000061E2,3.000000000E0,1.000000000E2
1.388834388E2,6.500897432E1,2.548448659E1,7.535773670E0,1.469999909E0,2.235000000E2,3.500000000E0,1.000000000E2
1.399182651E2,6.500896388E1,2.548447494E1,7.535776714E0,1.250000000E0,2.271000061E2,3.500000000E0,1.000000000E2
1.408942123E2,6.500895667E1,2.548446061E1,7.535778392E0,1.399999976E0,2.343000031E2,3.000000000E0,1.000000000E2
1.418815411E2,6.500894842E1,2.548444393E1,7.535780296E0,1.360000014E0,2.390000000E2,3.000000000E0,1.000000000E2
1.429137566E2,6.500893543E1,2.548443396E1,7.535784393E0,1.289999962E0,2.321999969E2,3.500000000E0,1.000000000E2
1.439124036E2,6.500891837E1,2.548443563E1,8.535790771E0,1.269999981E0,2.201000061E2,3.500000000E0,1.000000000E2
1.449007547E2,6.500890152E1,2.548444184E1,8.535797377E0,1.179999948E0,2.066999969E2,3.000000000E0,1.000000000E2
1.459151790E2,6.500888073E1,2.548444770E1,8.535805408E0,1.000000000E0,1.961000061E2,3.000000000E0,1.000000000E2
1.469285207E2,6.500886133E1,2.548445173E1,8.535812806E0,9.399999976E-1,1.826999969E2,3.000000000E0,1.000000000E2
1.479079055E2,6.500884427E1,2.548444343E1,8.535818510E0,1.049999952E0,1.903999939E2,3.000000000E0,1.000000000E2
1.488986419E2,6.500883057E1,2.548443136E1,8.535822728E0,1.139999986E0,1.956000061E2,3.000000000E0,1.000000000E2
1.498981150E2,6.500881938E1,2.548441526E1,7.535825751E0,1.149999976E0,2.078000031E2,3.000000000E0,1.000000000E2
1.509097735E2,6.500880957E1,2.548440102E1,7.535828391E0,1.039999962E0,2.113999939E2,3.000000000E0,1.000000000E2
1.519013084E2,6.500879759E1,2.548439004E1,6.535832052E0,1.110000014E0,2.133000031E2,3.500000000E0,1.000000000E2
1.528989214E2,6.500878476E1,2.548437855E1,6.535835987E0,1.029999971E0,2.163000031E2,3.500000000E0,1.000000000E2
1.538647664E2,6.500877106E1,2.548436682E1,5.535840229E0,1.000000000E0,2.188999939E2,3.000000000E0,1.000000000E2
1.548945983E2,6.500875811E1,2.548435374E1,5.535844104E0,8.999999762E-1,2.196999969E2,3.500000000E0,1.000000000E2
1.559067547E2,6.500874662E1,2.548433849E1,5.535847293E0,1.179999948E0,2.205000000E2,3.500000000E0,1.000000000E2
1.569034002E2,6.500873321E1,2.548432097E1,4.535851038E0,1.169999957E0,2.210000000E2,3.500000000E0,1.000000000E2
1.578758561E2,6.500871888E1,2.548430303E1,3.535855094E0,1.139999986E0,2.176000061E2,3.500000000E0,1.000000000E2
1.589148052E2,6.500870501E1,2.548428417E1,3.535858919E0,1.169999957E0,2.128999939E2,3.500000000E0,1.000000000E2
1.599265824E2,6.500869105E1,2.548426548E1,2.535862786E0,1.329999924E0,2.118999939E2,3.500000000E0,1.000000000E2
1.609019565E2,6.500867730E1,2.548424494E1,2.535866453E0,9.499999881E-1,2.136000061E2,3.500000000E0,1.000000000E2
1.619103330E2,6.500866503E1,2.548422818E1,1.535869835E0,1.149999976E0,2.113999939E2,4.000000000E0,1.000000000E2
1.629218213E2,6.500864923E1,2.548421024E1,5.358744319E-1,1.189999938E0,2.061000061E2,4.000000000E0,1.000000000E2
1.639291293E2,6.500863359E1,2.548419759E1,-4.641206765E-1,1.110000014E0,2.016000061E2,4.000000000E0,1.000000000E2
1.649242950E2,6.500861691E1,2.548418870E1,-1.464115146E0,1.120000005E0,1.970000000E2,4.000000000E0,1.000000000E2
1.659081539E2,6.500860023E1,2.548417345E1,-2.464110043E0,1.169999957E0,1.975000000E2,4.000000000E0,1.000000000E2
1.669198216E2,6.500858066E1,2.548415962E1,-3.464103782E0,1.139999986E0,2.003000031E2,4.000000000E0,1.000000000E2
1.679128841E2,6.500856641E1,2.548414738E1,-4.464099369E0,1.039999962E0,2.021000061E2,4.000000000E0,1.000000000E2
1.689051450E2,6.500855367E1,2.548413414E1,-4.464095578E0,9.499999881E-1,2.093999939E2,4.000000000E0,1.000000000E2
1.699142495E2,6.500854546E1,2.548411695E1,-5.464093715E0,8.599999547E-1,2.163000031E2,4.000000000E0,1.000000000E2
1.709283576E2,6.500853519E1,2.548409885E1,-5.464091159E0,8.499999642E-1,2.221999969E2,4.000000000E0,1.000000000E2
1.719186034E2,6.500852786E1,2.548408275E1,-6.464089546E0,8.100000024E-1,2.198000031E2,4.000000000E0,1.000000000E2
1.729495720E2,6.500851574E1,2.548407253E1,-7.464085782E0,1.000000000E0,1.996999969E2,4.000000000E0,1.000000000E2
1.738903329E2,6.500849965E1,2.548407043E1,-7.464080007E0,1.069999933E0,1.860000000E2,4.000000000E0,1.000000000E2
1.749258688E2,6.500848372E1,2.548406281E1,-8.464074666E0,1.059999943E0,1.848000031E2,4.000000000E0,1.000000000E2
1.759319929E2,6.500846985E1,2.548405115E1,-8.464070350E0,1.019999981E0,1.901999969E2,4.000000000E0,1.000000000E2
1.768953502E2,6.500845619E1,2.548404353E1,-9.464065841E0,1.029999971E0,1.871000061E2,4.000000000E0,1.000000000E2
1.779120629E2,6.500844332E1,2.548404110E1,-9.464061275E0,8.999999762E-1,1.863000031E2,4.000000000E0,1.000000000E2
1.789208548E2,6.500843368E1,2.548403657E1,-9.464058035E0,9.099999666E-1,1.866999969E2,4.000000000E0,1.000000000E2
1.799229499E2,6.500842044E1,2.548403087E1,-1.046405355E1,9.300000072E-1,1.886000061E2,4.000000000E0,1.000000000E2
1.809291748E2,6.500840808E1,2.548402609E1,-1.046404933E1,1.090000033E0,1.896999969E2,4.000000000E0,1.000000000E2
1.818950471E2,6.500839400E1,2.548402257E1,-1.146404439E1,1.059999943E0,1.903000031E2,4.000000000E0,1.000000000E2
1.829156424E2,6.500838096E1,2.548402123E1,-1.146403968E1,9.699999690E-1,1.870000000E2,4.500000000E0,1.000000000E2
1.839108189E2,6.500836751E1,2.548401989E1,-1.246403483E1,1.000000000E0,1.886999969E2,4.500000000E0,1.000000000E2
1.849096141E2,6.500835552E1,2.548400891E1,-1.246403116E1,1.029999971E0,1.905000000E2,4.000000000E0,1.000000000E2
1.858992679E2,6.500834538E1,2.548399785E1,-1.346402817E1,9.300000072E-1,1.888999939E2,4.000000000E0,1.000000000E2
1.869251198E2,6.500833218E1,2.548398469E1,-1.446402420E1,9.799999595E-1,1.855000000E2,4.000000000E0,1.000000000E2
1.879008841E2,6.500832388E1,2.548397698E1,-1.546402167E1,9.699999690E-1,1.846000061E2,4.000000000E0,1.000000000E2
1.889278018E2,6.500831240E1,2.548395066E1,-1.546401921E1,1.029999971E0,1.868000031E2,4.000000000E0,1.000000000E2
1.899044884E2,6.500830314E1,2.548389877E1,-1.546401929E1,1.009999990E0,1.903000031E2,4.000000000E0,1.000000000E2
1.909205488E2,6.500829601E1,2.548383733E1,-1.446402079E1,9.300000072E-1,1.881999969E2,3.500000000E0,1.000000000E2
1.919085663E2,6.500828868E1,2.548378109E1,-1.446402186E1,8.799999952E-1,1.878000031E2,4.000000000E0,1.000000000E2
1.929266122E2,6.500827975E1,2.548374211E1,-1.346402119E1,8.899999857E-1,1.991000061E2,4.000000000E0,1.000000000E2
1.939107519E2,6.500827015E1,2.548370264E1,-1.346402031E1,8.399999738E-1,2.028999939E2,3.500000000E0,1.000000000E2
1.949112963E2,6.500826219E1,2.548368026E1,-1.346401888E1,6.899999976E-1,2.040000000E2,3.500000000E0,1.000000000E2
1.959114986E2,6.500825666E1,2.548365410E1,-1.246401860E1,8.199999928E-1,2.095000000E2,3.500000000E0,1.000000000E2
1.969096875E2,6.500824865E1,2.548363793E1,-1.246401674E1,7.999999523E-1,2.123999939E2,4.000000000E0,1.000000000E2
1.979485465E2,6.500824379E1,2.548361119E1,-1.246401674E1,6.999999881E-1,2.171000061E2,3.500000000E0,1.000000000E2
1.989169848E2,6.500823663E1,2.548359401E1,-1.246401526E1,5.399999619E-1,2.176000061E2,3.500000000E0,1.000000000E2
1.998865135E2,6.500822824E1,2.548358001E1,-1.246401311E1,5.199999809E-1,2.160000000E2,4.000000000E0,1.000000000E2
2.008758356E2,6.500821886E1,2.548356869E1,-1.246401041E1,5.999999642E-1,2.196000061E2,4.000000000E0,1.000000000E2
2.018931451E2,6.500820930E1,2.548356065E1,-1.346400744E1,5.199999809E-1,2.168000031E2,3.500000000E0,1.000000000E2
2.029168000E2,6.500819975E1,2.548355394E1,-1.246400437E1,5.199999809E-1,2.113000031E2,4.000000000E0,1.000000000E2
2.039053104E2,6.500818843E1,2.548354967E1,-1.246400049E1,6.800000072E-1,1.976000061E2,4.500000000E0,1.000000000E2
2.048842347E2,6.500817636E1,2.548354967E1,-1.346399605E1,8.799999952E-1,1.858000031E2,4.000000000E0,1.000000000E2
2.058842661E2,6.500816127E1,2.548354665E1,-1.346399070E1,1.049999952E0,1.825000000E2,4.000000000E0,1.000000000E2
2.069053292E2,6.500814476E1,2.548353123E1,-1.346398565E1,1.220000029E0,1.871999969E2,4.000000000E0,1.000000000E2
2.078928058E2,6.500813005E1,2.548351983E1,-1.346398100E1,1.159999967E0,1.908999939E2,4.000000000E0,1.000000000E2
2.089149937E2,6.500811542E1,2.548350549E1,-1.346397658E1,1.090000033E0,1.940000000E2,4.000000000E0,1.000000000E2
2.099014011E2,6.500810147E1,2.548348772E1,-1.446397263E1,1.100000024E0,2.028000031E2,4.000000000E0,1.000000000E2
2.109028686E2,6.500808802E1,2.548344900E1,-1.446397027E1,1.319999933E0,2.160000000E2,4.000000000E0,1.000000000E2
2.118842484E2,6.500807611E1,2.548340466E1,-1.346396885E1,1.350000024E0,2.255000000E2,4.000000000E0,1.000000000E2
2.129113763E2,6.500806484E1,2.548337021E1,-1.346396701E1,9.699999690E-1,2.298999939E2,3.500000000E0,1.000000000E2
2.139070808E2,6.500805428E1,2.548335529E1,-1.346396412E1,8.599999547E-1,2.280000000E2,3.500000000E0,1.000000000E2
2.148916173E2,6.500803974E1,2.548333869E1,-1.346395987E1,1.179999948E0,2.171999969E2,3.500000000E0,1.000000000E2
2.158907196E2,6.500802306E1,2.548332050E1,-1.446395495E1,1.230000019E0,2.128999939E2,3.500000000E0,1.000000000E2
2.169060468E2,6.500800612E1,2.548330466E1,-1.446394977E1,1.240000010E0,2.045000000E2,3.500000000E0,1.000000000E2
2.179213400E2,6.500799087E1,2.548329360E1,-1.446394489E1,1.289999962E0,1.931999969E2,3.500000000E0,1.000000000E2
2.189220210E2,6.500797264E1,2.548328605E1,-1.546393868E1,1.409999967E0,1.898000031E2,4.000000000E0,1.000000000E2
2.199264550E2,6.500795554E1,2.548328144E1,-1.546393269E1,1.480000019E0,1.855000000E2,3.500000000E0,1.000000000E2
2.209022782E2,6.500793836E1,2.548326979E1,-1.546392714E1,1.449999928E0,1.863000031E2,3.500000000E0,1.000000000E2
2.219084553E2,6.500792314E1,2.548325487E1,-1.546392254E1,1.439999938E0,1.875000000E2,4.000000000E0,1.000000000E2
2.229219462E2,6.500790868E1,2.548322210E1,-1.646391940E1,1.399999976E0,2.028000031E2,3.500000000E0,1.000000000E2
2.239217940E2,6.500789666E1,2.548318447E1,-1.646391748E1,1.360000014E0,2.125000000E2,4.000000000E0,1.000000000E2
2.249077346E2,6.500788647E1,2.548314423E1,-1.446391642E1,6.699999571E-1,2.175000000E2,3.500000000E0,1.000000000E2
2.259228176E2,6.500787646E1,2.548311573E1,-1.446391463E1,1.000000000E0,2.093000031E2,3.500000000E0,1.000000000E2
2.269218003E2,6.500786405E1,2.548308640E1,-1.446391201E1,1.250000000E0,2.096000061E2,3.500000000E0,1.000000000E2
2.279041368E2,6.500785185E1,2.548306352E1,-1.446390905E1,1.149999976E0,2.161000061E2,3.500000000E0,1.000000000E2
2.289228479E2,6.500784087E1,2.548303317E1,-1.346390702E1,1.199999928E0,2.141999969E2,3.500000000E0,1.000000000E2
2.298765912E2,6.500782679E1,2.548300191E1,-1.346390392E1,1.279999971E0,2.128999939E2,3.500000000E0,1.000000000E2
2.309219625E2,6.500781451E1,2.548297090E1,-1.246390146E1,1.139999986E0,2.103999939E2,3.500000000E0,1.000000000E2
2.318956037E2,6.500780274E1,2.548294935E1,-1.346389856E1,1.129999995E0,2.133000031E2,3.500000000E0,1.000000000E2
2.329247524E2,6.500779083E1,2.548292773E1,-1.346389561E1,1.079999924E0,2.165000000E2,3.500000000E0,1.000000000E2
2.339259014E2,6.500777897E1,2.548291138E1,-1.246389233E1,1.100000024E0,2.181000061E2,4.000000000E0,1.000000000E2
2.349248365E2,6.500776506E1,2.548289923E1,-1.246388801E1,1.069999933E0,2.113000031E2,3.500000000E0,1.000000000E2
2.359358221E2,6.500774809E1,2.548288272E1,-1.246388286E1,1.279999971E0,2.106000061E2,3.500000000E0,1.000000000E2
2.368887994E2,6.500773170E1,2.548286336E1,-1.346387811E1,1.569999933E0,2.095000000E2,3.500000000E0,1.000000000E2
2.378872785E2,6.500771251E1,2.548284718E1,-1.346387211E1,1.500000000E0,2.090000000E2,3.000000000E0,1.000000000E2
2.389075728E2,6.500769520E1,2.548283008E1,-1.346386687E1,1.579999924E0,2.073000031E2,3.000000000E0,1.000000000E2
2.399382271E2,6.500767827E1,2.548281667E1,-1.346386152E1,1.269999981E0,2.020000000E2,3.000000000E0,1.000000000E2
2.409235724E2,6.500766414E1,2.548279488E1,-1.346385776E1,1.419999957E0,2.023000031E2,3.500000000E0,1.000000000E2
2.419330891E2,6.500764981E1,2.548276043E1,-1.346385477E1,1.620000005E0,2.053999939E2,3.500000000E0,1.000000000E2
2.429070734E2,6.500763472E1,2.548272975E1,-1.246385125E1,1.429999948E0,2.093999939E2,3.000000000E0,1.000000000E2
2.439245387E2,6.500761989E1,2.548269060E1,-1.146384838E1,1.480000019E0,2.088000031E2,3.500000000E0,1.000000000E2
2.449334835E2,6.500760501E1,2.548265004E1,-1.046384559E1,1.399999976E0,2.148999939E2,3.500000000E0,1.000000000E2
2.459075651E2,6.500759306E1,2.548261575E1,-1.046384346E1,1.379999995E0,2.303000031E2,3.000000000E0,1.000000000E2
2.469127648E2,6.500758749E1,2.548256647E1,-1.046384468E1,1.329999924E0,2.476999969E2,3.000000000E0,1.000000000E2
2.478938600E2,6.500757789E1,2.548251408E1,-1.046384462E1,1.789999962E0,2.652999878E2,3.000000000E0,1.000000000E2
2.489389059E2,6.500757328E1,2.548247016E1,-1.046384584E1,1.699999928E0,2.780000000E2,3.500000000E0,1.000000000E2
2.498970152E2,6.500756607E1,2.548242590E1,-1.046384612E1,1.779999971E0,2.952000122E2,3.000000000E0,1.000000000E2
2.509154606E2,6.500756540E1,2.548238316E1,-1.046384872E1,1.629999995E0,2.953999939E2,3.000000000E0,1.000000000E2
2.519208300E2,6.500756448E1,2.548234359E1,-1.046385101E1,1.679999948E0,2.885000000E2,2.500000000E0,1.000000000E2
2.528983867E2,6.500756406E1,2.548229691E1,-1.046385395E1,1.849999905E0,2.950000000E2,2.500000000E0,1.000000000E2
2.539413630E2,6.500756515E1,2.548225173E1,-1.046385736E1,1.839999914E0,2.976000061E2,2.500000000E0,1.000000000E2
2.549259779E2,6.500756519E1,2.548220454E1,-1.046386051E1,1.769999981E0,2.998999939E2,2.500000000E0,1.000000000E2
2.559166005E2,6.500757014E1,2.548216707E1,-1.046386482E1,1.939999938E0,2.995000000E2,2.500000000E0,1.000000000E2
2.569192218E2,6.500757668E1,2.548212592E1,-1.046386997E1,1.839999914E0,3.042999878E2,2.500000000E0,1.000000000E2
2.579233862E2,6.500758217E1,2.548209272E1,-1.046387420E1,1.620000005E0,3.043999939E2,2.500000000E0,1.000000000E2
2.589272757E2,6.500758619E1,2.548205400E1,-1.046387826E1,1.779999971E0,3.000000000E2,2.500000000E0,1.000000000E2
2.599230755E2,6.500759013E1,2.548201620E1,-1.046388223E1,1.659999967E0,2.973999939E2,2.500000000E0,1.000000000E2
2.609350649E2,6.500759478E1,2.548198133E1,-1.046388627E1,1.569999933E0,3.027000122E2,2.500000000E0,1.000000000E2
2.619073834E2,6.500760228E1,2.548194755E1,-1.046389128E1,1.750000000E0,3.028999939E2,2.500000000E0,1.000000000E2
2.628648168E2,6.500760727E1,2.548191427E1,-9.463895338E0,1.589999914E0,3.011000061E2,3.000000000E0,1.000000000E2
2.639249495E2,6.500761498E1,2.548187697E1,-9.463900667E0,1.689999938E0,2.997999878E2,2.500000000E0,1.000000000E2
2.649658095E2,6.500762274E1,2.548184093E1,-1.046390593E1,1.579999924E0,2.978999939E2,3.000000000E0,1.000000000E2
2.659165254E2,6.500763082E1,2.548180891E1,-1.046391105E1,1.659999967E0,2.971000061E2,2.500000000E0,1.000000000E2
2.669023841E2,6.500763862E1,2.548178192E1,-1.046391572E1,1.579999924E0,2.980000000E2,3.000000000E0,1.000000000E2
2.679296193E2,6.500764444E1,2.548174571E1,-1.046392028E1,1.519999981E0,3.007999878E2,2.500000000E0,1.000000000E2
2.689111522E2,6.500765027E1,2.548171260E1,-1.046392464E1,1.689999938E0,3.010000000E2,2.500000000E0,1.000000000E2
2.699115454E2,6.500765865E1,2.548168042E1,-1.046392988E1,1.589999914E0,3.055000000E2,2.500000000E0,1.000000000E2
2.709251122E2,6.500766389E1,2.548164781E1,-1.046393398E1,1.589999914E0,3.078999939E2,2.500000000E0,1.000000000E2
2.719196847E2,6.500767181E1,2.548161621E1,-1.046393901E1,1.659999967E0,3.072000122E2,2.500000000E0,1.000000000E2
2.729277835E2,6.500768015E1,2.548158176E1,-1.046394439E1,1.779999971E0,3.053999939E2,2.500000000E0,1.000000000E2
2.738796569E2,6.500768606E1,2.548154547E1,-1.046394899E1,1.699999928E0,3.048999939E2,2.500000000E0,1.000000000E2
2.749067067E2,6.500769398E1,2.548151035E1,-1.046395425E1,1.709999919E0,3.043999939E2,2.500000000E0,1.000000000E2
2.759398178E2,6.500770031E1,2.548147908E1,-1.046395867E1,1.709999919E0,3.036000061E2,2.500000000E0,1.000000000E2
2.769116614E2,6.500770601E1,2.548144497E1,-1.146396305E1,1.730000019E0,3.026000061E2,2.500000000E0,1.000000000E2
2.778863665E2,6.500771288E1,2.548140650E1,-1.146396816E1,1.649999976E0,3.025000000E2,2.500000000E0,1.000000000E2
2.789260136E2,6.500771942E1,2.548137280E1,-1.046397282E1,1.709999919E0,3.013999939E2,3.000000000E0,1.000000000E2
2.799026595E2,6.500772583E1,2.548133676E1,-1.046397759E1,1.610000014E0,3.012999878E2,3.000000000E0,1.000000000E2
2.809242453E2,6.500773266E1,2.548130105E1,-1.046398249E1,1.610000014E0,3.015000000E2,3.000000000E0,1.000000000E2
2.819275788E2,6.500774012E1,2.548126602E1,-1.046398759E1,1.799999952E0,3.003999939E2,2.500000000E0,1.000000000E2
2.829204158E2,6.500774725E1,2.548122712E1,-1.046399281E1,1.849999905E0,3.002000122E2,2.500000000E0,1.000000000E2
2.839016677E2,6.500775421E1,2.548118966E1,-1.046399788E1,1.719999909E0,3.015000000E2,2.500000000E0,1.000000000E2
2.849065219E2,6.500776079E1,2.548115093E1,-1.046400290E1,1.629999995E0,3.031000061E2,2.500000000E0,1.000000000E2
2.859301304E2,6.500776753E1,2.548111632E1,-1.046400770E1,1.629999995E0,3.037000122E2,2.500000000E0,1.000000000E2
2.869203508E2,6.500777533E1,2.548107776E1,-9.464013153E0,1.829999924E0,3.001000061E2,2.500000000E0,1.000000000E2
2.879330856E2,6.500778115E1,2.548104415E1,-9.464017548E0,1.669999957E0,3.010000000E2,2.500000000E0,1.000000000E2
2.889269067E2,6.500778962E1,2.548100634E1,-1.046402320E1,1.699999928E0,3.017000122E2,2.500000000E0,1.000000000E2
2.899217840E2,6.500779695E1,2.548097298E1,-1.046402814E1,1.569999933E0,3.037000122E2,2.500000000E0,1.000000000E2
2.909207165E2,6.500780521E1,2.548093761E1,-1.046403355E1,1.740000010E0,2.997000122E2,3.000000000E0,1.000000000E2
2.919103070E2,6.500781259E1,2.548090710E1,-1.046403832E1,1.339999914E0,2.986000061E2,3.000000000E0,1.000000000E2
2.929276035E2,6.500781933E1,2.548088011E1,-1.046404262E1,1.439999938E0,3.025000000E2,3.000000000E0,1.000000000E2
2.938933579E2,6.500782792E1,2.548085094E1,-1.046404774E1,1.509999990E0,3.081000061E2,3.000000000E0,1.000000000E2
2.949186879E2,6.500783476E1,2.548082890E1,-1.046405174E1,8.100000024E-1,3.117000122E2,3.000000000E0,1.000000000E2
2.959303546E2,6.500783794E1,2.548080862E1,-1.046405427E1,1.039999962E0,3.127999878E2,3.000000000E0,1.000000000E2
2.968861334E2,6.500784733E1,2.548078188E1,-1.046405953E1,1.809999943E0,3.122999878E2,3.000000000E0,1.000000000E2
2.979065166E2,6.500785357E1,2.548075070E1,-1.046406392E1,2.019999981E0,3.041000061E2,3.500000000E0,1.000000000E2
2.989095387E2,6.500785450E1,2.548069621E1,-1.046406790E1,2.240000010E0,2.861000061E2,4.000000000E0,1.000000000E2
2.998908609E2,6.500785349E1,2.548065162E1,-1.046407050E1,2.069999933E0,2.743999939E2,4.500000000E0,1.000000000E2
3.009058850E2,6.500784657E1,2.548060276E1,-1.046407120E1,2.500000000E0,2.597999878E2,4.500000000E0,1.000000000E2
3.019179448E2,6.500783828E1,2.548054953E1,-1.046407167E1,2.679999828E0,2.503000031E2,5.500000000E0,1.000000000E2
3.029083117E2,6.500783061E1,2.548049094E1,-1.046407274E1,2.750000000E0,2.451000061E2,5.500000000E0,1.000000000E2
3.039010233E2,6.500782780E1,2.548044769E1,-1.046407458E1,2.490000010E0,2.435000000E2,6.000000000E0,1.000000000E2
3.049014146E2,6.500782327E1,2.548040209E1,-1.046407594E1,2.230000019E0,2.375000000E2,7.000000000E0,1.000000000E2
3.059149571E2,6.500781611E1,2.548035147E1,-1.046407666E1,2.379999876E0,2.321999969E2,8.500000000E0,1.000000000E2
3.068979187E2,6.500781259E1,2.548030176E1,-1.046407867E1,2.429999828E0,2.280000000E2,9.500000000E0,1.000000000E2
3.078973220E2,6.500781271E1,2.548027268E1,-1.046408065E1,1.990000010E0,2.371999969E2,1.050000000E1,1.000000000E2
3.089056226E2,6.500783878E1,2.548027771E1,-1.046408998E1,1.389999986E0,2.508000031E2,1.050000000E1,1.000000000E2
3.098963878E2,6.500785747E1,2.548026723E1,-1.046409761E1,1.509999990E0,2.738999939E2,1.100000000E1,1.000000000E2
3.109196450E2,6.500786426E1,2.548023789E1,-1.046410209E1,1.439999938E0,2.857999878E2,1.250000000E1,1.000000000E2
3.119065124E2,6.500786891E1,2.548019858E1,-1.046410643E1,1.740000010E0,2.907999878E2,1.300000000E1,1.000000000E2
3.128947469E2,6.500788056E1,2.548016413E1,-1.046411305E1,2.059999943E0,2.961000061E2,1.200000000E1,1.000000000E2
3.138874239E2,6.500789473E1,2.548013228E1,-1.046412043E1,1.870000005E0,3.031000061E2,1.300000000E1,1.000000000E2
3.148882020E2,6.500790965E1,2.548007864E1,-1.046412955E1,2.419999838E0,3.050000000E2,1.300000000E1,1.000000000E2
3.158494268E2,6.500792562E1,2.548001083E1,-1.046414000E1,3.059999943E0,3.040000000E2,1.250000000E1,1.000000000E2
3.168905177E2,6.500794795E1,2.547996070E1,-1.046415163E1,3.059999943E0,3.071000061E2,1.200000000E1,1.000000000E2
3.178752149E2,6.500797029E1,2.547989901E1,-1.046416404E1,3.569999933E0,3.077000122E2,1.250000000E1,1.000000000E2
3.188782298E2,6.500798529E1,2.547984713E1,-1.046417308E1,3.179999828E0,3.078999939E2,1.400000000E1,1.000000000E2
3.198755435E2,6.500799330E1,2.547979927E1,-1.046417924E1,2.809999943E0,3.052000122E2,1.300000000E1,1.000000000E2
3.208609732E2,6.500801270E1,2.547977295E1,-1.046418821E1,2.490000010E0,3.078999939E2,1.300000000E1,1.000000000E2
3.218858317E2,6.500802385E1,2.547972727E1,-1.046419540E1,2.529999971E0,3.038999939E2,1.200000000E1,1.000000000E2
3.228870961E2,6.500803676E1,2.547969114E1,-1.046420261E1,2.269999981E0,3.027999878E2,1.250000000E1,1.000000000E2
3.238794863E2,6.500804179E1,2.547966893E1,-1.046420596E1,1.639999986E0,3.000000000E2,1.200000000E1,1.000000000E2
3.248945732E2,6.500806459E1,2.547965736E1,-1.046421520E1,1.659999967E0,2.987999878E2,1.200000000E1,1.000000000E2
3.259122829E2,6.500808776E1,2.547963465E1,-1.146422532E1,1.990000010E0,3.045000000E2,1.150000000E1,1.000000000E2
3.268849148E2,6.500811153E1,2.547961671E1,-1.146423535E1,1.620000005E0,3.021000061E2,1.050000000E1,1.000000000E2
3.278899095E2,6.500812988E1,2.547960556E1,-1.146424291E1,1.299999952E0,2.997000122E2,9.500000000E0,1.000000000E2
3.288797577E2,6.500815168E1,2.547958377E1,-1.146425246E1,1.779999971E0,3.007999878E2,7.500000000E0,1.000000000E2
3.299022148E2,6.500816509E1,2.547956130E1,-1.146425895E1,1.889999986E0,3.005000000E2,7.000000000E0,1.000000000E2
3.309245147E2,6.500818357E1,2.547958796E1,-1.146426403E1,2.009999990E0,3.047000122E2,6.500000000E0,1.000000000E2
3.318649147E2,6.500818244E1,2.547953825E1,-1.146426694E1,1.809999943E0,3.062999878E2,6.500000000E0,1.000000000E2
3.328902203E2,6.500818642E1,2.547951277E1,-1.146427012E1,1.679999948E0,3.110000000E2,5.500000000E0,1.000000000E2
3.339105389E2,6.500819597E1,2.547951529E1,-1.146427350E1,1.860000014E0,3.092000122E2,5.500000000E0,1.000000000E2
3.348870893E2,6.500820947E1,2.547950900E1,-1.146427894E1,1.730000019E0,3.181000061E2,5.000000000E0,1.000000000E2
3.359042124E2,6.500821596E1,2.547948654E1,-1.146428285E1,1.679999948E0,3.173999939E2,4.000000000E0,1.000000000E2
3.369065863E2,6.500822724E1,2.547946173E1,-1.146428870E1,1.769999981E0,3.166000061E2,4.000000000E0,1.000000000E2
3.379002664E2,6.500824073E1,2.547943784E1,-1.146429532E1,2.190000057E0,3.147999878E2,4.000000000E0,1.000000000E2
3.389243953E2,6.500825502E1,2.547939442E1,-1.246430354E1,2.319999933E0,3.125000000E2,4.000000000E0,1.000000000E2
3.399038941E2,6.500826504E1,2.547936316E1,-1.146430936E1,2.329999924E0,3.106000061E2,4.000000000E0,1.000000000E2
3.409019619E2,6.500827610E1,2.547932494E1,-1.246431603E1,2.269999981E0,3.086000061E2,4.000000000E0,1.000000000E2
3.418691014E2,6.500828918E1,2.547928319E1,-1.146432369E1,2.180000067E0,3.073999939E2,4.000000000E0,1.000000000E2
3.429015677E2,6.500830092E1,2.547924019E1,-1.246433093E1,2.029999971E0,3.127000122E2,3.500000000E0,1.000000000E2
3.439284741E2,6.500831470E1,2.547921790E1,-1.146433755E1,2.069999933E0,3.162000122E2,4.000000000E0,1.000000000E2
3.449105049E2,6.500833059E1,2.547918881E1,-1.146434541E1,2.049999952E0,3.178999939E2,3.500000000E0,1.000000000E2
3.459152039E2,6.500834178E1,2.547915294E1,-1.146435198E1,1.939999938E0,3.173999939E2,3.500000000E0,1.000000000E2
3.468965912E2,6.500835460E1,2.547911472E1,-1.146435931E1,2.289999962E0,3.152999878E2,3.500000000E0,1.000000000E2
3.478947594E2,6.500836659E1,2.547907465E1,-1.046436646E1,2.109999895E0,3.157999878E2,3.500000000E0,1.000000000E2
3.488960806E2,6.500837832E1,2.547903785E1,-1.046437329E1,2.129999876E0,3.121000061E2,3.500000000E0,1.000000000E2
3.499059658E2,6.500838737E1,2.547900215E1,-1.046437905E1,2.240000010E0,3.167999878E2,3.000000000E0,1.000000000E2
3.509228832E2,6.500840120E1,2.547896644E1,-1.046438659E1,2.099999905E0,3.220000000E2,3.000000000E0,1.000000000E2
3.518943771E2,6.500841420E1,2.547892914E1,-1.046439393E1,1.959999919E0,3.126000061E2,3.000000000E0,1.000000000E2
3.529131052E2,6.500842685E1,2.547889142E1,-9.464401174E0,2.019999981E0,3.120000000E2,3.000000000E0,1.000000000E2
3.539077397E2,6.500843951E1,2.547885186E1,-1.046440854E1,1.899999976E0,3.117000122E2,3.000000000E0,1.000000000E2
3.549184001E2,6.500845032E1,2.547882001E1,-1.046441470E1,1.730000019E0,3.152000122E2,3.000000000E0,1.000000000E2
3.559142646E2,6.500846285E1,2.547878883E1,-1.046442146E1,1.629999995E0,3.197999878E2,3.000000000E0,1.000000000E2
3.569320609E2,6.500847635E1,2.547876150E1,-1.046442832E1,1.819999933E0,3.287999878E2,3.000000000E0,1.000000000E2
3.578789434E2,6.500848896E1,2.547873829E1,-1.146443457E1,1.789999962E0,3.322000122E2,3.000000000E0,1.000000000E2
3.589034161E2,6.500850346E1,2.547871406E1,-1.146444160E1,1.519999981E0,3.277000122E2,3.000000000E0,1.000000000E2
3.599092712E2,6.500851055E1,2.547868062E1,-1.146444648E1,1.429999948E0,3.107999878E2,3.000000000E0,1.000000000E2
3.609079271E2,6.500851625E1,2.547864650E1,-1.146445090E1,1.429999948E0,3.062000122E2,3.000000000E0,1.000000000E2
3.619219679E2,6.500852375E1,2.547861239E1,-1.146445599E1,1.649999976E0,3.043999939E2,3.000000000E0,1.000000000E2
3.629066462E2,6.500852941E1,2.547857844E1,-1.146446037E1,1.769999981E0,3.033999939E2,3.000000000E0,1.000000000E2
3.638959968E2,6.500854043E1,2.547854165E1,-1.246446695E1,1.819999933E0,3.086000061E2,2.500000000E0,1.000000000E2
3.649338111E2,6.500855149E1,2.547851231E1,-1.246447305E1,1.539999962E0,3.113999939E2,3.000000000E0,1.000000000E2
3.659266106E2,6.500856302E1,2.547847727E1,-1.246447969E1,1.559999943E0,3.190000000E2,3.000000000E0,1.000000000E2
3.669118913E2,6.500857148E1,2.547844911E1,-1.346448474E1,1.689999938E0,3.151000061E2,3.000000000E0,1.000000000E2
3.679262644E2,6.500858230E1,2.547842195E1,-1.346449060E1,1.639999986E0,3.133999939E2,3.000000000E0,1.000000000E2
3.688805128E2,6.500859520E1,2.547839052E1,-1.346449752E1,1.679999948E0,3.158999939E2,3.000000000E0,1.000000000E2
3.699247320E2,6.500860794E1,2.547836646E1,-1.446450388E1,1.639999986E0,3.241000061E2,3.000000000E0,1.000000000E2
3.709305200E2,6.500862056E1,2.547834274E1,-1.446451018E1,1.629999995E0,3.242000122E2,2.500000000E0,1.000000000E2
3.719368261E2,6.500862898E1,2.547831098E1,-1.546451546E1,1.689999938E0,3.180000000E2,3.000000000E0,1.000000000E2
3.729146071E2,6.500863959E1,2.547828281E1,-1.546452130E1,1.740000010E0,3.175000000E2,3.000000000E0,1.000000000E2
3.739162792E2,6.500864935E1,2.547824744E1,-1.546452732E1,1.839999914E0,3.147000122E2,3.000000000E0,1.000000000E2
3.749079945E2,6.500866088E1,2.547821215E1,-1.646453399E1,1.659999967E0,3.142000122E2,3.000000000E0,1.000000000E2
3.759175591E2,6.500867232E1,2.547818013E1,-1.646454042E1,1.610000014E0,3.185000000E2,3.000000000E0,1.000000000E2
3.769279883E2,6.500868363E1,2.547815097E1,-1.646454660E1,1.649999976E0,3.173999939E2,3.000000000E0,1.000000000E2
3.778935630E2,6.500869319E1,2.547811626E1,-1.646455250E1,1.610000014E0,3.137999878E2,3.000000000E0,1.000000000E2
3.789449241E2,6.500870249E1,2.547808651E1,-1.646455797E1,1.829999924E0,3.163999939E2,3.000000000E0,1.000000000E2
3.799261803E2,6.500871402E1,2.547805147E1,-1.746456463E1,1.990000010E0,3.155000000E2,3.000000000E0,1.000000000E2
3.808889183E2,6.500872261E1,2.547802004E1,-1.746456995E1,1.789999962E0,3.195000000E2,3.000000000E0,1.000000000E2
3.819097744E2,6.500873363E1,2.547798995E1,-1.746457609E1,1.719999909E0,3.217999878E2,3.000000000E0,1.000000000E2
3.829115616E2,6.500874453E1,2.547796413E1,-1.746458189E1,1.679999948E0,3.192000122E2,3.000000000E0,1.000000000E2
3.839005912E2,6.500875446E1,2.547793454E1,-1.746458759E1,1.829999924E0,3.208999939E2,3.000000000E0,1.000000000E2
3.849048515E2,6.500876452E1,2.547790035E1,-1.746459364E1,1.939999938E0,3.151000061E2,3.000000000E0,1.000000000E2
3.859159515E2,6.500877718E1,2.547786095E1,-1.746460102E1,1.879999995E0,3.152000122E2,3.000000000E0,1.000000000E2
3.869102840E2,6.500878891E1,2.547782541E1,-1.746460780E1,1.759999990E0,3.167000122E2,3.000000000E0,1.000000000E2
3.879083784E2,6.500879997E1,2.547779708E1,-1.846461383E1,1.610000014E0,3.183999939E2,3.000000000E0,1.000000000E2
3.889233159E2,6.500881070E1,2.547776573E1,-1.846461995E1,1.769999981E0,3.187000122E2,3.000000000E0,1.000000000E2
3.899376627E2,6.500882038E1,2.547772751E1,-1.846462614E1,1.759999990E0,3.112999878E2,3.000000000E0,1.000000000E2
3.909177246E2,6.500882893E1,2.547769155E1,-1.946463176E1,1.799999952E0,3.165000000E2,3.000000000E0,1.000000000E2
3.919197602E2,6.500884033E1,2.547765392E1,-1.846463855E1,1.730000019E0,3.170000000E2,3.000000000E0,1.000000000E2
3.929083583E2,6.500885161E1,2.547761989E1,-1.946464506E1,1.919999957E0,3.211000061E2,3.000000000E0,1.000000000E2
3.939438605E2,6.500886389E1,2.547757898E1,-1.946465240E1,1.829999924E0,3.192000122E2,3.000000000E0,1.000000000E2
3.948997701E2,6.500887562E1,2.547753791E1,-1.946465955E1,1.829999924E0,3.151000061E2,3.000000000E0,1.000000000E2
3.958853081E2,6.500888719E1,2.547750120E1,-1.946466635E1,1.879999995E0,3.158999939E2,3.000000000E0,1.000000000E2
3.969067935E2,6.500889691E1,2.547746440E1,-2.046467247E1,1.879999995E0,3.132000122E2,3.000000000E0,1.000000000E2
3.979021823E2,6.500890471E1,2.547742166E1,-2.046467826E1,1.779999971E0,3.097000122E2,3.500000000E0,1.000000000E2
3.989352363E2,6.500891451E1,2.547738126E1,-2.046468466E1,1.839999914E0,3.067999878E2,3.000000000E0,1.000000000E2
3.999244756E2,6.500892323E1,2.547733759E1,-2.046469086E1,1.860000014E0,3.020000000E2,3.000000000E0,1.000000000E2
4.009260427E2,6.500893019E1,2.547729794E1,-2.046469614E1,1.709999919E0,3.077999878E2,3.000000000E0,1.000000000E2
4.019157035E2,6.500893689E1,2.547726030E1,-2.046470119E1,1.589999914E0,3.110000000E2,3.000000000E0,1.000000000E2
4.029274137E2,6.500894410E1,2.547722217E1,-2.046470646E1,1.379999995E0,3.126000061E2,3.000000000E0,1.000000000E2
4.039039953E2,6.500894947E1,2.547718596E1,-2.046471091E1,1.449999928E0,3.136000061E2,3.500000000E0,1.000000000E2
4.049140584E2,6.500895575E1,2.547714824E1,-2.046471581E1,1.759999990E0,3.057999878E2,3.000000000E0,1.000000000E2
4.059189407E2,6.500896262E1,2.547710884E1,-2.046472104E1,1.779999971E0,3.026000061E2,3.000000000E0,1.000000000E2
4.069298177E2,6.500897197E1,2.547706760E1,-2.046472732E1,1.969999909E0,3.056000061E2,3.000000000E0,1.000000000E2
4.079173174E2,6.500898207E1,2.547702419E1,-2.046473403E1,1.979999900E0,3.097000122E2,3.000000000E0,1.000000000E2
4.089062870E2,6.500899276E1,2.547698027E1,-2.046474099E1,1.899999976E0,3.102999878E2,3.500000000E0,1.000000000E2
4.099150457E2,6.500900273E1,2.547694397E1,-2.046474718E1,1.849999905E0,3.120000000E2,3.000000000E0,1.000000000E2
4.108720894E2,6.500901346E1,2.547690634E1,-2.046475373E1,1.860000014E0,3.105000000E2,3.000000000E0,1.000000000E2
4.119488042E2,6.500902256E1,2.547686912E1,-2.046475965E1,1.529999971E0,3.098999939E2,3.500000000E0,1.000000000E2
4.129142379E2,6.500903203E1,2.547683802E1,-2.046476529E1,1.529999971E0,3.187000122E2,3.000000000E0,1.000000000E2
4.139021210E2,6.500904301E1,2.547681338E1,-2.046477107E1,1.539999962E0,3.220000000E2,3.000000000E0,1.000000000E2
4.148982337E2,6.500905315E1,2.547678312E1,-2.046477691E1,1.689999938E0,3.210000000E2,3.000000000E0,1.000000000E2
4.159075588E2,6.500906560E1,2.547675270E1,-1.946478362E1,1.750000000E0,3.182000122E2,3.000000000E0,1.000000000E2
4.169015855E2,6.500907754E1,2.547672152E1,-2.046479020E1,1.740000010E0,3.191000061E2,3.000000000E0,1.000000000E2
4.179161126E2,6.500908915E1,2.547668346E1,-2.046479711E1,1.879999995E0,3.177999878E2,3.000000000E0,1.000000000E2
4.189090551E2,6.500910088E1,2.547664977E1,-2.046480378E1,1.889999986E0,3.142000122E2,3.000000000E0,1.000000000E2
4.199160735E2,6.500911262E1,2.547661884E1,-2.046481027E1,1.639999986E0,3.146000061E2,3.000000000E0,1.000000000E2
4.209114207E2,6.500912414E1,2.547658615E1,-2.046481679E1,1.719999909E0,3.172999878E2,3.000000000E0,1.000000000E2
4.218911877E2,6.500913605E1,2.547655849E1,-2.046482312E1,1.789999962E0,3.187000122E2,3.000000000E0,1.000000000E2
4.229075398E2,6.500914434E1,2.547652865E1,-2.046482824E1,1.599999905E0,3.166000061E2,3.000000000E0,1.000000000E2
4.239170339E2,6.500915382E1,2.547649805E1,-2.146483386E1,1.750000000E0,3.056000061E2,3.000000000E0,1.000000000E2
4.249116316E2,6.500916228E1,2.547646369E1,-2.146483936E1,1.679999948E0,3.046000061E2,3.000000000E0,1.000000000E2
4.259168545E2,6.500917125E1,2.547643008E1,-2.146484499E1,1.599999905E0,3.027999878E2,3.000000000E0,1.000000000E2
4.268912902E2,6.500918022E1,2.547639747E1,-2.146485056E1,1.759999990E0,3.062999878E2,3.000000000E0,1.000000000E2
4.279241213E2,6.500918956E1,2.547636813E1,-2.146485604E1,1.699999928E0,3.087000122E2,3.000000000E0,1.000000000E2
4.289020810E2,6.500919958E1,2.547633679E1,-2.146486192E1,1.679999948E0,3.147000122E2,3.000000000E0,1.000000000E2
4.299186229E2,6.500921035E1,2.547632027E1,-2.146486707E1,1.469999909E0,3.237999878E2,3.500000000E0,1.000000000E2
4.309525969E2,6.500922091E1,2.547629840E1,-2.146487250E1,1.519999981E0,3.268999939E2,3.500000000E0,1.000000000E2
4.319058852E2,6.500923416E1,2.547627283E1,-2.046487919E1,1.929999948E0,3.342999878E2,3.000000000E0,1.000000000E2
4.329096126E2,6.500924954E1,2.547623763E1,-2.046488734E1,1.799999952E0,3.328999939E2,3.000000000E0,1.000000000E2
4.339391282E2,6.500926282E1,2.547621097E1,-2.046489412E1,1.819999933E0,3.322000122E2,3.500000000E0,1.000000000E2
4.349031829E2,6.500927590E1,2.547617652E1,-2.046490136E1,1.909999967E0,3.270000000E2,3.500000000E0,1.000000000E2
4.359148143E2,6.500929040E1,2.547614057E1,-2.046490922E1,1.919999957E0,3.246000061E2,3.500000000E0,1.000000000E2
4.369005932E2,6.500930209E1,2.547610997E1,-2.046491568E1,1.769999981E0,3.258999939E2,3.000000000E0,1.000000000E2
4.379071411E2,6.500931328E1,2.547608139E1,-2.046492181E1,1.500000000E0,3.280000000E2,3.500000000E0,1.000000000E2
4.388892727E2,6.500932439E1,2.547605616E1,-2.046492768E1,1.689999938E0,3.241000061E2,3.000000000E0,1.000000000E2
4.399302229E2,6.500933771E1,2.547603252E1,-2.046493428E1,1.719999909E0,3.258999939E2,3.500000000E0,1.000000000E2
4.409267190E2,6.500935041E1,2.547600914E1,-2.046494062E1,1.659999967E0,3.201000061E2,3.000000000E0,1.000000000E2
4.419094670E2,6.500936232E1,2.547598022E1,-2.046494704E1,1.809999943E0,3.220000000E2,3.500000000E0,1.000000000E2
4.429210365E2,6.500937434E1,2.547594451E1,-2.046495398E1,1.829999924E0,3.182999878E2,3.500000000E0,1.000000000E2
4.439324200E2,6.500938587E1,2.547591199E1,-2.046496050E1,1.870000005E0,3.172000122E2,3.500000000E0,1.000000000E2
4.449229481E2,6.500939576E1,2.547587838E1,-2.046496649E1,1.669999957E0,3.138999939E2,3.500000000E0,1.000000000E2
4.459063916E2,6.500940569E1,2.547584418E1,-1.946497254E1,1.819999933E0,3.152999878E2,3.500000000E0,1.000000000E2
4.469289957E2,6.500941709E1,2.547580772E1,-1.946497929E1,1.909999967E0,3.176000061E2,3.500000000E0,1.000000000E2
4.479109255E2,6.500942975E1,2.547577470E1,-1.946498628E1,1.709999919E0,3.193999939E2,3.500000000E0,1.000000000E2
4.489138673E2,6.500944211E1,2.547575039E1,-1.946499256E1,1.839999914E0,3.247000122E2,3.500000000E0,1.000000000E2
4.499142376E2,6.500945200E1,2.547572549E1,-1.946499796E1,1.699999928E0,3.247000122E2,3.500000000E0,1.000000000E2
4.509158930E2,6.500946353E1,2.547569892E1,-1.946500409E1,1.719999909E0,3.212999878E2,3.500000000E0,1.000000000E2
4.519329211E2,6.500947514E1,2.547566774E1,-1.946501056E1,1.809999943E0,3.172999878E2,3.500000000E0,1.000000000E2
4.529280836E2,6.500948461E1,2.547563639E1,-2.046501625E1,1.779999971E0,3.198999939E2,3.500000000E0,1.000000000E2
4.539161588E2,6.500949689E1,2.547560832E1,-2.046502276E1,1.750000000E0,3.240000000E2,3.500000000E0,1.000000000E2
4.549202375E2,6.500951063E1,2.547558133E1,-2.046502975E1,1.779999971E0,3.280000000E2,3.000000000E0,1.000000000E2
4.559255288E2,6.500952216E1,2.547555274E1,-2.046503602E1,1.549999952E0,3.220000000E2,3.500000000E0,1.000000000E2
4.569330333E2,6.500953109E1,2.547552316E1,-2.046504138E1,1.419999957E0,3.237000122E2,3.000000000E0,1.000000000E2
4.579018560E2,6.500954010E1,2.547549751E1,-2.046504650E1,9.399999976E-1,3.298999939E2,3.500000000E0,1.000000000E2
4.589172733E2,6.500954626E1,2.547548862E1,-2.046504942E1,4.899999797E-1,3.325000000E2,3.000000000E0,1.000000000E2
4.599342219E2,6.500954869E1,2.547548234E1,-2.046505076E1,7.000000030E-2,3.333999939E2,2.500000000E0,1.000000000E2
4.609085711E2,6.500954760E1,2.547547756E1,-2.046505068E1,8.999999613E-2,3.338999939E2,3.000000000E0,1.000000000E2
4.619362254E2,6.500954797E1,2.547547278E1,-2.146505114E1,5.999999866E-2,3.342000122E2,3.500000000E0,1.000000000E2
4.629202634E2,6.500954860E1,2.547546398E1,-2.146505198E1,0.000000000E0,0.000000000E0,3.000000000E0,1.000000000E2
4.639146807E2,6.500954860E1,2.547546398E1,-2.146505198E1,0.000000000E0,0.000000000E0,3.000000000E0,1.000000000E2
4.649185825E2,6.500954860E1,2.547546398E1,-2.146505198E1,0.000000000E0,0.000000000E0,3.500000000E0,1.000000000E2
4.659127272E2,6.500954860E1,2.547546398E1,-2.146505198E1,0.000000000E0,0.000000000E0,3.500000000E0,1.000000000E2
4.669230890E2,6.500954860E1,2.547546398E1,-2.146505198E1,0.000000000E0,0.000000000E0,3.000000000E0,1.000000000E2
4.679097176E2,6.500954860E1,2.547546398E1,-2.146505198E1,0.000000000E0,0.000000000E0,3.000000000E0,1.000000000E2
4.689344640E2,6.500954860E1,2.547546398E1,-2.146505198E1,0.000000000E0,0.000000000E0,3.000000000E0,1.000000000E2
4.699296407E2,6.500954860E1,2.547546398E1,-2.146505198E1,0.000000000E0,0.000000000E0,3.000000000E0,1.000000000E2
4.709055035E2,6.500954860E1,2.547546398E1,-2.146505198E1,0.000000000E0,0.000000000E0,3.000000000E0,1.000000000E2
4.719059192E2,6.500954860E1,2.547546398E1,-2.146505198E1,0.000000000E0,0.000000000E0,3.000000000E0,1.000000000E2
4.728970448E2,6.500954860E1,2.547546398E1,-2.146505198E1,0.000000000E0,0.000000000E0,3.000000000E0,1.000000000E2
4.739103479E2,6.500954860E1,2.547546398E1,-2.146505198E1,0.000000000E0,0.000000000E0,3.000000000E0,1.000000000E2
4.749153214E2,6.500954860E1,2.547546398E1,-2.146505198E1,0.000000000E0,0.000000000E0,3.000000000E0,1.000000000E2
4.759133837E2,6.500954860E1,2.547546398E1,-2.146505198E1,0.000000000E0,0.000000000E0,3.500000000E0,1.000000000E2
4.769066166E2,6.500954860E1,2.547546398E1,-2.146505198E1,0.000000000E0,0.000000000E0,3.000000000E0,1.000000000E2
4.779292315E2,6.500954860E1,2.547546398E1,-2.146505198E1,0.000000000E0,0.000000000E0,3.000000000E0,1.000000000E2
4.789093623E2,6.500954860E1,2.547546398E1,-2.146505198E1,0.000000000E0,0.000000000E0,3.000000000E0,1.000000000E2
4.799265624E2,6.500954860E1,2.547546398E1,-2.146505198E1,0.000000000E0,0.000000000E0,3.000000000E0,1.000000000E2
4.809013877E2,6.500954860E1,2.547546398E1,-2.146505198E1,0.000000000E0,0.000000000E0,3.000000000E0,1.000000000E2
4.818867242E2,6.500954860E1,2.547546398E1,-2.146505198E1,0.000000000E0,0.000000000E0,3.000000000E0,1.000000000E2
4.829216773E2,6.500954860E1,2.547546398E1,-2.146505198E1,0.000000000E0,0.000000000E0,3.000000000E0,1.000000000E2
4.839107592E2,6.500954860E1,2.547546398E1,-2.146505198E1,0.000000000E0,0.000000000E0,3.500000000E0,1.000000000E2
4.848872790E2,6.500954860E1,2.547546398E1,-2.146505198E1,0.000000000E0,0.000000000E0,3.000000000E0,1.000000000E2
4.859187822E2,6.500954860E1,2.547546398E1,-2.146505198E1,0.000000000E0,0.000000000E0,3.000000000E0,1.000000000E2
4.869176085E2,6.500954860E1,2.547546398E1,-2.146505198E1,0.000000000E0,0.000000000E0,3.500000000E0,1.000000000E2
4.879267802E2,6.500954860E1,2.547546398E1,-2.146505198E1,0.000000000E0,0.000000000E0,3.000000000E0,1.000000000E2
4.889187147E2,6.500954860E1,2.547546398E1,-2.146505198E1,0.000000000E0,0.000000000E0,3.000000000E0,1.000000000E2
4.899177871E2,6.500954860E1,2.547546398E1,-2.146505198E1,0.000000000E0,0.000000000E0,3.000000000E0,1.000000000E2
4.909052253E2,6.500954860E1,2.547546398E1,-2.146505198E1,0.000000000E0,0.000000000E0,3.000000000E0,1.000000000E2
4.919472536E2,6.500954860E1,2.547546398E1,-2.146505198E1,0.000000000E0,0.000000000E0,4.000000000E0,1.000000000E2
4.929274958E2,6.500954860E1,2.547546398E1,-2.146505198E1,0.000000000E0,0.000000000E0,3.500000000E0,1.000000000E2
4.939088690E2,6.500955095E1,2.547544571E1,-2.046505410E1,9.499999881E-1,3.145000000E2,3.000000000E0,1.000000000E2
4.949369428E2,6.500956113E1,2.547541260E1,-1.946506018E1,1.750000000E0,3.128999939E2,3.000000000E0,1.000000000E2
4.959102805E2,6.500957170E1,2.547537178E1,-1.946506692E1,1.919999957E0,3.125000000E2,3.000000000E0,1.000000000E2
4.969294463E2,6.500958351E1,2.547533582E1,-1.946507380E1,1.639999986E0,3.072000122E2,3.500000000E0,1.000000000E2
4.979054128E2,6.500959508E1,2.547528779E1,-1.846508141E1,1.829999924E0,3.132000122E2,3.500000000E0,1.000000000E2
4.989401026E2,6.500960786E1,2.547524747E1,-1.846508896E1,1.659999967E0,3.180000000E2,3.500000000E0,1.000000000E2
4.999193271E2,6.500961939E1,2.547520716E1,-1.746509603E1,1.860000014E0,3.147999878E2,3.500000000E0,1.000000000E2
5.009083861E2,6.500962957E1,2.547517103E1,-1.746510231E1,1.669999957E0,3.116000061E2,3.500000000E0,1.000000000E2
5.019377138E2,6.500963837E1,2.547512426E1,-1.746510881E1,1.909999967E0,3.102000122E2,3.500000000E0,1.000000000E2
5.029048616E2,6.500964919E1,2.547507665E1,-1.746511611E1,1.949999928E0,3.066000061E2,3.500000000E0,1.000000000E2
5.039296998E2,6.500966042E1,2.547502904E1,-1.746512357E1,2.029999971E0,3.058999939E2,3.500000000E0,1.000000000E2
5.049402987E2,6.500967333E1,2.547497766E1,-1.646513192E1,2.230000019E0,3.057999878E2,3.000000000E0,1.000000000E2
5.059296678E2,6.500968623E1,2.547492527E1,-1.646514034E1,2.569999933E0,3.076000061E2,3.500000000E0,1.000000000E2
5.069121532E2,6.500970082E1,2.547487540E1,-1.646514922E1,2.389999866E0,3.140000000E2,3.500000000E0,1.000000000E2
5.079374389E2,6.500971616E1,2.547483475E1,-1.546515776E1,2.639999866E0,3.126000061E2,3.500000000E0,1.000000000E2
5.089148573E2,6.500972982E1,2.547477272E1,-1.546516712E1,3.220000029E0,3.042999878E2,3.000000000E0,1.000000000E2
5.099048244E2,6.500974298E1,2.547470391E1,-1.546517676E1,3.210000038E0,2.988999939E2,3.500000000E0,1.000000000E2
5.109123886E2,6.500975932E1,2.547463459E1,-1.546518764E1,3.409999847E0,3.026000061E2,3.500000000E0,1.000000000E2
5.119162624E2,6.500977831E1,2.547456251E1,-1.546519969E1,3.470000029E0,3.042000122E2,4.000000000E0,1.000000000E2
5.129063443E2,6.500979369E1,2.547448849E1,-1.546521053E1,3.449999809E0,2.998999939E2,4.000000000E0,1.000000000E2
5.139138754E2,6.500980857E1,2.547442093E1,-1.546522074E1,3.109999895E0,3.006000061E2,4.000000000E0,1.000000000E2
5.149126061E2,6.500982403E1,2.547435824E1,-1.546523084E1,3.009999990E0,3.040000000E2,3.500000000E0,1.000000000E2
5.159195771E2,6.500983971E1,2.547429831E1,-1.546524083E1,2.839999914E0,3.065000000E2,3.500000000E0,1.000000000E2
5.169181704E2,6.500985257E1,2.547423150E1,-1.446525023E1,3.059999943E0,3.022999878E2,3.500000000E0,1.000000000E2
5.179444484E2,6.500986661E1,2.547416696E1,-1.446525992E1,3.189999819E0,3.032999878E2,3.500000000E0,1.000000000E2
5.189194131E2,6.500988174E1,2.547409723E1,-1.446527039E1,3.079999924E0,3.040000000E2,3.500000000E0,1.000000000E2
5.199287870E2,6.500989901E1,2.547403076E1,-1.346528143E1,3.289999962E0,3.105000000E2,3.500000000E0,1.000000000E2
5.209151467E2,6.500991963E1,2.547396320E1,-1.346529381E1,3.730000019E0,3.071000061E2,3.500000000E0,1.000000000E2
5.218894134E2,6.500994071E1,2.547388625E1,-1.346530701E1,3.649999857E0,3.071000061E2,3.500000000E0,1.000000000E2
5.229273982E2,6.500996062E1,2.547381073E1,-1.346531967E1,3.569999933E0,3.081000061E2,3.000000000E0,1.000000000E2
5.239184056E2,6.500997700E1,2.547374996E1,-1.246533000E1,2.759999990E0,3.092999878E2,3.000000000E0,1.000000000E2
5.249125392E2,6.500999251E1,2.547369649E1,-1.246533950E1,2.359999895E0,3.102999878E2,3.500000000E0,1.000000000E2
5.259298186E2,6.501000592E1,2.547364997E1,-1.346534773E1,1.730000019E0,3.112000122E2,3.500000000E0,1.000000000E2
5.269010877E2,6.501001719E1,2.547361610E1,-1.346535430E1,1.169999957E0,3.065000000E2,3.500000000E0,1.000000000E2
5.279293478E2,6.501002788E1,2.547358861E1,-1.246536021E1,9.099999666E-1,3.137999878E2,3.000000000E0,1.000000000E2
5.289080489E2,6.501003538E1,2.547357663E1,-1.246536385E1,8.100000024E-1,3.202999878E2,2.500000000E0,1.000000000E2
5.299308636E2,6.501004301E1,2.547356020E1,-1.246536785E1,6.200000048E-1,3.217999878E2,3.000000000E0,1.000000000E2
5.309062367E2,6.501004712E1,2.547354989E1,-1.246537010E1,2.500000000E-1,3.243999939E2,3.000000000E0,1.000000000E2
5.319178260E2,6.501004720E1,2.547355047E1,-1.246537009E1,0.000000000E0,0.000000000E0,2.500000000E0,1.000000000E2
5.328704648E2,6.501004720E1,2.547355047E1,-1.246537009E1,0.000000000E0,0.000000000E0,3.000000000E0,1.000000000E2
5.339026693E2,6.501004720E1,2.547355047E1,-1.246537009E1,0.000000000E0,0.000000000E0,3.000000000E0,1.000000000E2
5.349251280E2,6.501004720E1,2.547355047E1,-1.246537009E1,0.000000000E0,0.000000000E0,3.000000000E0,1.000000000E2
5.359225952E2,6.501004720E1,2.547355047E1,-1.246537009E1,0.000000000E0,0.000000000E0,3.000000000E0,1.000000000E2
5.369352700E2,6.501004720E1,2.547355047E1,-1.246537009E1,0.000000000E0,0.000000000E0,3.000000000E0,1.000000000E2
5.378763523E2,6.501004720E1,2.547355047E1,-1.246537009E1,0.000000000E0,0.000000000E0,2.500000000E0,1.000000000E2
5.389052337E2,6.501004720E1,2.547355047E1,-1.246537009E1,0.000000000E0,0.000000000E0,2.500000000E0,1.000000000E2
5.399130535E2,6.501004720E1,2.547355047E1,-1.246537009E1,0.000000000E0,0.000000000E0,3.000000000E0,1.000000000E2
5.409195556E2,6.501004720E1,2.547355047E1,-1.246537009E1,0.000000000E0,0.000000000E0,2.500000000E0,1.000000000E2
5.419307175E2,6.501004720E1,2.547355047E1,-1.246537009E1,0.000000000E0,0.000000000E0,2.500000000E0,1.000000000E2
5.428675497E2,6.501004720E1,2.547355047E1,-1.246537009E1,0.000000000E0,0.000000000E0,3.000000000E0,1.000000000E2
5.439036876E2,6.501004720E1,2.547355047E1,-1.246537009E1,0.000000000E0,0.000000000E0,3.000000000E0,1.000000000E2
5.449180307E2,6.501004720E1,2.547355047E1,-1.246537009E1,0.000000000E0,0.000000000E0,3.000000000E0,1.000000000E2
5.458999761E2,6.501004720E1,2.547355047E1,-1.246537009E1,0.000000000E0,0.000000000E0,3.000000000E0,1.000000000E2
5.469131048E2,6.501004997E1,2.547353245E1,-1.346537237E1,1.090000033E0,3.067999878E2,2.500000000E0,1.000000000E2
5.479410872E2,6.501005625E1,2.547349951E1,-1.346537700E1,1.469999909E0,3.067000122E2,3.000000000E0,1.000000000E2
5.489204390E2,6.501006593E1,2.547346213E1,-1.346538321E1,1.599999905E0,3.035000000E2,3.000000000E0,1.000000000E2
5.499301566E2,6.501007402E1,2.547342340E1,-1.346538891E1,1.620000005E0,3.032000122E2,3.000000000E0,1.000000000E2
5.509238979E2,6.501008316E1,2.547338971E1,-1.346539466E1,1.500000000E0,3.085000000E2,3.000000000E0,1.000000000E2
5.519339441E2,6.501009221E1,2.547335643E1,-1.346540035E1,1.309999943E0,3.141000061E2,3.000000000E0,1.000000000E2
5.529346036E2,6.501010403E1,2.547332224E1,-1.446540715E1,1.629999995E0,3.152999878E2,3.000000000E0,1.000000000E2
5.539517320E2,6.501011623E1,2.547328703E1,-1.446541416E1,1.750000000E0,3.160000000E2,3.000000000E0,1.000000000E2
5.549137534E2,6.501013035E1,2.547324864E1,-1.446542212E1,2.029999971E0,3.160000000E2,3.000000000E0,1.000000000E2
5.559358172E2,6.501014569E1,2.547320975E1,-1.446543057E1,2.119999886E0,3.172000122E2,3.000000000E0,1.000000000E2
5.569443047E2,6.501015914E1,2.547316348E1,-1.446543881E1,2.049999952E0,3.117000122E2,3.000000000E0,1.000000000E2
5.579137429E2,6.501017456E1,2.547311663E1,-1.446544784E1,3.009999990E0,3.087999878E2,3.000000000E0,1.000000000E2
5.588800823E2,6.501019233E1,2.547306030E1,-1.446545841E1,3.029999971E0,3.075000000E2,3.000000000E0,1.000000000E2
5.598774987E2,6.501021157E1,2.547300406E1,-1.446546952E1,3.199999809E0,3.103999939E2,3.500000000E0,1.000000000E2
5.609094280E2,6.501023181E1,2.547294438E1,-1.446548126E1,3.289999962E0,3.108999939E2,3.000000000E0,1.000000000E2
5.619247486E2,6.501025210E1,2.547288177E1,-1.446549321E1,3.439999819E0,3.103999939E2,3.000000000E0,1.000000000E2
5.629058443E2,6.501027230E1,2.547281966E1,-1.446550510E1,3.279999971E0,3.098999939E2,3.000000000E0,1.000000000E2
5.639149773E2,6.501029145E1,2.547276107E1,-1.446551635E1,2.939999819E0,3.117000122E2,3.500000000E0,1.000000000E2
5.649171439E2,6.501030842E1,2.547270306E1,-1.446552674E1,3.139999866E0,3.130000000E2,3.500000000E0,1.000000000E2
5.659305184E2,6.501033172E1,2.547264892E1,-1.546553926E1,3.449999809E0,3.133999939E2,3.500000000E0,1.000000000E2
5.669069963E2,6.501035360E1,2.547258203E1,-1.546555211E1,3.579999924E0,3.107999878E2,3.000000000E0,1.000000000E2
5.679238327E2,6.501037309E1,2.547251154E1,-1.546556432E1,3.599999905E0,3.043999939E2,3.500000000E0,1.000000000E2
5.689315462E2,6.501039178E1,2.547244012E1,-1.546557629E1,3.500000000E0,3.041000061E2,3.500000000E0,1.000000000E2
5.699181374E2,6.501040943E1,2.547237215E1,-1.546558763E1,3.740000010E0,3.002999878E2,3.500000000E0,1.000000000E2
5.709021011E2,6.501042539E1,2.547229227E1,-1.646559917E1,3.889999866E0,2.976000061E2,3.500000000E0,1.000000000E2
5.719196526E2,6.501044232E1,2.547222085E1,-1.646561048E1,3.579999924E0,3.006000061E2,3.500000000E0,1.000000000E2
5.729214975E2,6.501046202E1,2.547215061E1,-1.646562276E1,3.519999981E0,3.052000122E2,3.500000000E0,1.000000000E2
5.739218901E2,6.501048407E1,2.547208515E1,-1.646563560E1,3.349999905E0,3.077999878E2,3.500000000E0,1.000000000E2
5.749179168E2,6.501050418E1,2.547201063E1,-1.746564834E1,3.309999943E0,3.077999878E2,3.500000000E0,1.000000000E2
5.759258576E2,6.501052225E1,2.547194609E1,-1.746565961E1,2.970000029E0,3.085000000E2,3.500000000E0,1.000000000E2
5.769301358E2,6.501053893E1,2.547189002E1,-1.746566978E1,2.519999981E0,3.096000061E2,3.500000000E0,1.000000000E2
5.779084367E2,6.501055435E1,2.547184099E1,-1.746567899E1,2.379999876E0,3.091000061E2,3.500000000E0,1.000000000E2
5.789093073E2,6.501056944E1,2.547178851E1,-1.746568832E1,2.250000000E0,3.092999878E2,3.500000000E0,1.000000000E2
5.799382198E2,6.501058125E1,2.547173839E1,-1.746569625E1,2.139999866E0,3.041000061E2,3.500000000E0,1.000000000E2
5.809063791E2,6.501059052E1,2.547168307E1,-1.746570357E1,2.359999895E0,3.002000122E2,4.000000000E0,1.000000000E2
5.819053275E2,6.501060321E1,2.547162482E1,-1.746571239E1,2.639999866E0,3.047999878E2,4.000000000E0,1.000000000E2
5.829202858E2,6.501061851E1,2.547156313E1,-1.746572243E1,2.539999962E0,3.093999939E2,4.000000000E0,1.000000000E2
5.839097869E2,6.501063385E1,2.547151074E1,-1.746573185E1,2.589999914E0,3.145000000E2,3.500000000E0,1.000000000E2
5.848947657E2,6.501064982E1,2.547146145E1,-1.746574130E1,2.359999895E0,3.186000061E2,4.000000000E0,1.000000000E2
5.859121937E2,6.501066382E1,2.547141493E1,-1.746574981E1,1.870000005E0,3.172999878E2,4.000000000E0,1.000000000E2
5.869100724E2,6.501067501E1,2.547137612E1,-1.846575672E1,1.059999943E0,3.157999878E2,4.000000000E0,1.000000000E2
5.879090851E2,6.501067907E1,2.547135081E1,-1.846576001E1,9.699999690E-1,3.068999939E2,3.500000000E0,1.000000000E2
5.888875624E2,6.501068213E1,2.547131594E1,-1.846576358E1,1.439999938E0,2.971000061E2,3.500000000E0,1.000000000E2
5.899200409E2,6.501068184E1,2.547128049E1,-1.846576592E1,1.169999957E0,2.783999939E2,4.500000000E0,1.000000000E2
5.909003657E2,6.501068003E1,2.547124671E1,-1.846576757E1,1.240000010E0,2.652999878E2,4.000000000E0,1.000000000E2
5.919177412E2,6.501067413E1,2.547121100E1,-1.746576780E1,1.329999924E0,2.428999939E2,4.000000000E0,1.000000000E2
5.929007372E2,6.501067061E1,2.547118510E1,-1.746576825E1,7.999999523E-1,2.353000031E2,4.000000000E0,1.000000000E2
5.939115435E2,6.501066973E1,2.547116205E1,-1.746576951E1,5.500000119E-1,2.313999939E2,3.500000000E0,1.000000000E2
5.948883071E2,6.501066813E1,2.547113540E1,-1.746577075E1,5.399999619E-1,2.300000000E2,3.500000000E0,1.000000000E2
5.959133825E2,6.501066323E1,2.547111637E1,-1.646577021E1,0.000000000E0,0.000000000E0,3.500000000E0,1.000000000E2
5.969062907E2,6.501066319E1,2.547110522E1,-1.646577097E1,2.099999934E-1,2.283000031E2,3.500000000E0,1.000000000E2
5.979333605E2,6.501066549E1,2.547110137E1,-1.646577210E1,3.499999940E-1,2.231000061E2,3.500000000E0,1.000000000E2
5.989154779E2,6.501066549E1,2.547109508E1,-1.646577254E1,2.699999809E-1,2.178999939E2,3.500000000E0,1.000000000E2
5.999241467E2,6.501066294E1,2.547109223E1,-1.646577177E1,0.000000000E0,0.000000000E0,4.000000000E0,1.000000000E2
6.009004923E2,6.501066294E1,2.547109223E1,-1.646577177E1,0.000000000E0,0.000000000E0,4.000000000E0,1.000000000E2
6.018936064E2,6.501066294E1,2.547109223E1,-1.646577177E1,0.000000000E0,0.000000000E0,4.000000000E0,1.000000000E2
6.029405036E2,6.501065112E1,2.547105485E1,-1.546576987E1,2.299999893E-1,2.293000031E2,3.000000000E0,1.000000000E2
6.038765537E2,6.501064739E1,2.547103347E1,-1.346576994E1,4.999999702E-2,2.288999939E2,3.500000000E0,1.000000000E2
6.049051947E2,6.501064257E1,2.547100984E1,-1.146576975E1,1.700000018E-1,2.286999969E2,3.000000000E0,1.000000000E2
6.059099245E2,6.501063414E1,2.547100196E1,-1.146576710E1,0.000000000E0,0.000000000E0,3.500000000E0,1.000000000E2
6.069227230E2,6.501062111E1,2.547097388E1,-1.046576410E1,4.999999702E-2,2.288000031E2,3.500000000E0,1.000000000E2
6.079163338E2,6.501062044E1,2.547097220E1,-1.046576396E1,0.000000000E0,0.000000000E0,3.500000000E0,1.000000000E2
